[{"model": "fiber.contentitem", "pk": 7, "fields": {"content_markup": "", "metadata": null, "used_on_pages_data": "[{\"title\": \"Kerktijden\", \"url\": \"/kerktijden/\"}]", "updated": "2017-09-21T21:30:27", "created": "2017-09-20T19:51:28", "name": "Titel: Kerktijden Rehoboth\u00adkerk Woerden", "content_html": "<h1>Kerktijden Rehoboth&shy;kerk Woerden</h1>\r\n", "protected": false, "template_name": ""}}, {"model": "fiber.contentitem", "pk": 8, "fields": {"content_markup": "", "metadata": null, "used_on_pages_data": "[{\"title\": \"Kerktijden\", \"url\": \"/kerktijden/\"}]", "updated": "2017-09-21T21:41:09", "created": "2017-09-20T19:51:44", "name": "Content: Kerktijden Rehoboth\u00adkerk Woerden", "content_html": "\r\n      <div class=\"row\">\r\n        <div class=\"col-md-12\">\r\n          <p>\r\n            De Rehobothkerk heeft elke zondag twee erediensten. Na de ochtenddienst bent u van harte uitgenodigd voor koffie of thee. De kerktijden zijn:\r\n            <ul>\r\n              <li>Ochtenddienst: 09:30 uur</li>\r\n              <li>Middagdienst: 16:30 uur</li>\r\n            </ul>\r\n          </p>\r\n        </div>\r\n      </div>\r\n\r\n      <div class=\"row\">\r\n        <div class=\"col-md-12\">\r\n          <h3>Meeluisteren kerkdienst</h3>\r\n        </div>\r\n      </div>\r\n      <div class=\"row\">\r\n        <div class=\"col-md-12\">\r\n          <p>\r\n            De kerkdiensten van de CGKV Woerden worden live uitgezonden via internet. Meeluisteren kan via <a href=\"https://kerkdienstgemist.nl/assets/267\" target=\"_blank\">Kerkuitzending Gemist</a>.\r\n          </p>\r\n        </div>\r\n      </div>\r\n\r\n      <div class=\"row\">\r\n        <div class=\"col-md-12\">\r\n          <h3>Cr&#232;che voor kleine kinderen</h3>\r\n        </div>\r\n      </div>\r\n      <div class=\"row\">\r\n        <div class=\"col-md-12\">\r\n          <p>\r\n            Tijdens de ochtenddienst is er cr&#232;che voor de allerkleinsten. De cr&#232;che is in &#233;&#233;n van de zalen in het kerkgebouw. Voorafgaand de dienst kunt u daar uw kind heen brengen. Oppas is aanwezig en na de dienst haalt u de kindjes weer op. <a href=\"/kindercreche/\">Lees meer info en regels voor de kindercr&#232;che</a>.\r\n          </p>\r\n        </div>\r\n      </div>\r\n\r\n      <div class=\"row\">\r\n        <div class=\"col-md-12\">\r\n          <h3>Contact</h3>\r\n        </div>\r\n      </div>\r\n      <div class=\"row\">\r\n        <div class=\"col-md-8\">\r\n            <p>\r\n              Heeft u vragen over de Rehobothkerk of de kerkdiensten? Neem gerust contact met ons op via het <a href=\"/#contact\">contactformulier</a>.\r\n            </p>\r\n        </div>\r\n      </div>", "protected": false, "template_name": ""}}, {"model": "fiber.contentitem", "pk": 11, "fields": {"content_markup": "", "metadata": null, "used_on_pages_data": "[{\"title\": \"Kindercreche\", \"url\": \"/kindercreche/\"}]", "updated": "2017-09-21T21:30:16", "created": "2017-09-20T21:34:55", "name": "Titel: Kinder\u00adcr\u00e8che", "content_html": "<h1>Kinder&shy;cr&egrave;che</h1>\r\n", "protected": false, "template_name": ""}}, {"model": "fiber.contentitem", "pk": 12, "fields": {"content_markup": "", "metadata": null, "used_on_pages_data": "[{\"title\": \"Kindercreche\", \"url\": \"/kindercreche/\"}]", "updated": "2017-09-21T21:29:06", "created": "2017-09-20T21:36:16", "name": "Content: Kindercr\u00e8che", "content_html": "<div class=\"row\">\r\n<div class=\"col-md-12\">\r\n<p>De cr&egrave;che is bedoeld voor kinderen tot 4 jaar. We vragen ouders wat drinken mee te geven in een beker die niet makkelijk omvalt en lekt. Als extra kan er een koekje worden meegegeven, geen fruit!</p>\r\n</div>\r\n</div>\r\n\r\n<div class=\"row\">\r\n<div class=\"col-md-12\">\r\n<h3>Contact</h3>\r\n</div>\r\n</div>\r\n\r\n<div class=\"row\">\r\n<div class=\"col-md-8\">\r\n<p>Heeft u vragen over de Rehobothkerk of de kerkdiensten? Neem gerust contact met ons op via het <a href=\"/#contact\">contactformulier</a>.</p>\r\n</div>\r\n</div>\r\n", "protected": false, "template_name": ""}}, {"model": "fiber.contentitem", "pk": 13, "fields": {"content_markup": "", "metadata": "{}", "used_on_pages_data": "[{\"title\": \"Dashboard\", \"url\": \"/dashboard/\"}]", "updated": "2017-09-21T21:30:08", "created": "2017-09-20T21:58:59", "name": "Nieuwsberichten", "content_html": "<ul>\r\n\t<li>&nbsp;</li>\r\n</ul>\r\n", "protected": false, "template_name": ""}}, {"model": "fiber.contentitem", "pk": 14, "fields": {"content_markup": "", "metadata": null, "used_on_pages_data": "[{\"title\": \"Voorpagina\", \"url\": \"/\"}]", "updated": "2017-09-21T21:28:40", "created": "2017-09-20T22:57:36", "name": "Titel: Over de Rehobothkerk (voorpagina)", "content_html": "<h1>Over de Rehoboth&shy;kerk</h1>\r\n", "protected": false, "template_name": ""}}, {"model": "fiber.contentitem", "pk": 15, "fields": {"content_markup": "", "metadata": null, "used_on_pages_data": "[{\"title\": \"Voorpagina\", \"url\": \"/\"}]", "updated": "2017-09-21T21:28:33", "created": "2017-09-20T23:00:04", "name": "Content: Over de Rehobothkerk (voorpagina)", "content_html": "<div class=\"row\">\r\n<div class=\"col-md-12\">\r\n<h3>Onze naam</h3>\r\n</div>\r\n</div>\r\n\r\n<div class=\"row\">\r\n<div class=\"col-md-12\">\r\n<p>We zijn een samenwerkingsgemeente van de Christelijke Gereformeerde Kerk en de Gereformeerde Kerk vrijgemaakt. De samenwerking bestaat sinds 2008 en wordt ook wel CGKV Woerden genoemd. De naam Rehoboth betekent: God geeft ruimte (zie het Bijbelboek Genesis 26:22).</p>\r\n</div>\r\n</div>\r\n\r\n<div class=\"row\">\r\n<div class=\"col-md-12\">\r\n<h3>Ons karakter</h3>\r\n</div>\r\n</div>\r\n\r\n<div class=\"row\">\r\n<div class=\"col-md-12\">\r\n<p>Een gastvrije en warme gemeente geleid en gedreven door het evangelie, waarbinnen alle mensen zich met hun mogelijkheden voor elkaar inzetten. De gemeente staat bekend om de sterke onderlinge band en om de zorg naar binnen en naar buiten. De kinderen en jongeren maken deel uit van de gemeente van Christus en krijgen de aandacht en ruimte die nodig is tot opbouw van hun geloof.</p>\r\n</div>\r\n</div>\r\n\r\n<div class=\"row\">\r\n<div class=\"col-md-12\">\r\n<h3>Onze predikant</h3>\r\n</div>\r\n</div>\r\n\r\n<div class=\"row\">\r\n<div class=\"col-md-8\">\r\n<p>Dr. Andr&eacute; Jansen is sinds 2010 predikant van onze gemeente. Hij is geboren in Pretoria, Zuid-Afrika. Sinds 2000 verkondigt hij Gods Woord in Nederland. Zijn visie: &ldquo;God verweeft Zijn liefde en plan&nbsp;met onze harten, monden en handen.&rdquo; Meer informatie over zijn proefschrift en publicaties is te lezen op zijn website <a href=\"http://hartmondenhanden.nl/\">www.hartmondenhanden.nl</a>.</p>\r\n</div>\r\n\r\n<div class=\"col-md-4 text-center\"><img height=\"240\" src=\"/media/fiber/uploads/images/andre_jansen.jpg\" title=\"image\" width=\"160\" />\r\n<p>Dr. Andr&eacute; Jansen</p>\r\n</div>\r\n</div>\r\n", "protected": false, "template_name": ""}}, {"model": "fiber.contentitem", "pk": 16, "fields": {"content_markup": "", "metadata": null, "used_on_pages_data": "[{\"title\": \"Voorpagina\", \"url\": \"/\"}]", "updated": "2017-09-21T21:28:23", "created": "2017-09-20T23:07:13", "name": "Titel: Activiteiten (voorpagina)", "content_html": "<h1>Activiteiten</h1>\r\n", "protected": false, "template_name": ""}}, {"model": "fiber.contentitem", "pk": 17, "fields": {"content_markup": "", "metadata": null, "used_on_pages_data": "[{\"title\": \"Voorpagina\", \"url\": \"/\"}]", "updated": "2017-09-21T21:28:06", "created": "2017-09-20T23:07:25", "name": "Titel: Diensten (voorpagina)", "content_html": "<h1>Diensten</h1>\r\n", "protected": false, "template_name": ""}}, {"model": "fiber.contentitem", "pk": 18, "fields": {"content_markup": "", "metadata": null, "used_on_pages_data": "[{\"title\": \"Voorpagina\", \"url\": \"/\"}]", "updated": "2017-09-21T21:28:09", "created": "2017-09-20T23:07:50", "name": "Content: Diensten (voorpagina)", "content_html": "<p>Elke zondag ochtend (9.30) en middag (16.30) is er een dienst in de Rehobothkerk, waar iedereen welkom is. Na de ochtenddienst kunt u meegenieten van de koffie, thee en fris.</p>\r\n", "protected": false, "template_name": ""}}, {"model": "fiber.contentitem", "pk": 19, "fields": {"content_markup": "", "metadata": null, "used_on_pages_data": "[{\"title\": \"Voorpagina\", \"url\": \"/\"}]", "updated": "2017-09-21T21:29:18", "created": "2017-09-20T23:08:11", "name": "Titel: Contact (voorpagina)", "content_html": "<h1>Contact</h1>\r\n", "protected": false, "template_name": ""}}, {"model": "fiber.contentitem", "pk": 20, "fields": {"content_markup": "", "metadata": null, "used_on_pages_data": "[{\"title\": \"Voorpagina\", \"url\": \"/\"}]", "updated": "2017-09-21T21:29:20", "created": "2017-09-20T23:08:41", "name": "Content: Contact (voorpagina)", "content_html": "<p>Heeft u een vraag of overweegt u om lid te worden? U kunt contact opnemen met het volgende formulier. Als u graag wordt teruggebeld, laat dan, naast uw e-mailadres, ook uw telefoonnummer achter.</p>\r\n", "protected": false, "template_name": ""}}, {"model": "fiber.contentitem", "pk": 22, "fields": {"content_markup": "", "metadata": null, "used_on_pages_data": "[{\"title\": \"Voorpagina\", \"url\": \"/\"}]", "updated": "2017-09-21T21:29:36", "created": "2017-09-20T23:11:35", "name": "Titel: Adressen (voorpagina)", "content_html": "<h1>Adressen</h1>\r\n", "protected": false, "template_name": ""}}, {"model": "fiber.contentitem", "pk": 23, "fields": {"content_markup": "", "metadata": null, "used_on_pages_data": "[{\"title\": \"Voorpagina\", \"url\": \"/\"}]", "updated": "2017-09-21T21:29:39", "created": "2017-09-21T10:44:20", "name": "Titel: Jaarthema (voorpagina)", "content_html": "<h1>Jaarthema</h1>\r\n", "protected": false, "template_name": ""}}, {"model": "fiber.contentitem", "pk": 24, "fields": {"content_markup": "", "metadata": "{\"hide_jaarthema\": \"nee (standaard)\"}", "used_on_pages_data": "[{\"title\": \"Voorpagina\", \"url\": \"/\"}]", "updated": "2017-09-21T21:26:25", "created": "2017-09-21T10:45:03", "name": "Jaarthema 2016-2017", "content_html": "<div class=\"col-sm-7\">\r\n<p>Het komend seizoen is het jaarthema weer Jezus volgen. Dit keer specifiek: <em>Leven als discipel... leren van Jezus</em>. Met twaalf onderwerpen willen wij dit thema dit jaar praktisch neerzetten. Iedere maand wordt &eacute;&eacute;n thema behandeld: in de erediensten, kringen, ...<br />\r\nMeer informatie leest u in het boekje dat hiernaast te downloaden is.</p>\r\n</div>\r\n\r\n<div class=\"col-sm-5\">\r\n<p>Downloadlink jaarthemaboekje:<br />\r\n<a href=\"{{ MEDIA_URL }}files/Jaarthema_boekje_dicipelschap_Rehobothkerk_Woerden.pdf\" target=\"_blank\" title=\"Klik hier om het jaarthemaboekje te downloaden\">Leven als discipel... leren van Jezus (PDF)</a></p>\r\n<small>Voor gebruik in de CGKV Woerden, anders graag contact opnemen met dr. Andr&eacute; Jansen.</small></div>\r\n", "protected": false, "template_name": ""}}, {"model": "fiber.contentitem", "pk": 25, "fields": {"content_markup": "", "metadata": "{\"hide_jaarthema\": \"ja\"}", "used_on_pages_data": "[{\"title\": \"Voorpagina\", \"url\": \"/\"}]", "updated": "2017-09-21T21:24:17", "created": "2017-09-21T10:45:16", "name": "Jaarthema 2017-2018", "content_html": "<div class=\"col-sm-12\">\r\n<p>Het jaarthema voor 2018 is <em>Umbodja</em>. Meer info hierover komt nog.</p>\r\n</div>\r\n", "protected": false, "template_name": ""}}, {"model": "fiber.contentitem", "pk": 26, "fields": {"content_markup": "", "metadata": null, "used_on_pages_data": "[{\"title\": \"ANBI\", \"url\": \"/anbi/\"}]", "updated": "2017-09-21T21:26:02", "created": "2017-09-21T12:20:32", "name": "Titel: Rehoboth\u00adkerk en de ANBI-status", "content_html": "<h1>Rehoboth&shy;kerk en de ANBI-status</h1>\r\n", "protected": false, "template_name": ""}}, {"model": "fiber.contentitem", "pk": 27, "fields": {"content_markup": "", "metadata": null, "used_on_pages_data": "[{\"title\": \"ANBI\", \"url\": \"/anbi/\"}]", "updated": "2017-09-21T21:46:39", "created": "2017-09-21T12:20:43", "name": "Content: Rehoboth\u00adkerk en de ANBI-status", "content_html": "<div class=\"row\">\r\n<div class=\"col-md-12\">\r\n<p>De Rehobothkerk heeft de ANBI-status via de groepsbeschikking van de CGK en de GKv. Op deze pagina zijn de gegevens geplaatst die vereist zijn voor de ANBI-status.</p>\r\n</div>\r\n</div>\r\n\r\n<div class=\"row\">\r\n<div class=\"col-md-12\">\r\n<h3>A. Algemene gegevens</h3>\r\n</div>\r\n</div>\r\n\r\n<div class=\"row\">\r\n<div class=\"col-md-12\">\r\n<table>\r\n\t<tbody>\r\n\t\t<tr>\r\n\t\t\t<th>Naam ANBI:</th>\r\n\t\t\t<td>De Rehobothkerk is een samenwerking van de Christelijke Gereformeerde Kerk (CGK) en Gereformeerde Kerk vrijgemaakt (GKv).</td>\r\n\t\t</tr>\r\n\t\t<tr>\r\n\t\t\t<th>RSIN/Fiscaal nummer:</th>\r\n\t\t\t<td>820717757 (CGK), 820461829 (GKv)</td>\r\n\t\t</tr>\r\n\t\t<tr>\r\n\t\t\t<th>Website adres:</th>\r\n\t\t\t<td>www.rehobothkerkwoerden.nl</td>\r\n\t\t</tr>\r\n\t\t<tr>\r\n\t\t\t<th>E-mail:</th>\r\n\t\t\t<td>scribarehobothkerkwoerden.nl</td>\r\n\t\t</tr>\r\n\t\t<tr>\r\n\t\t\t<th>Adres:</th>\r\n\t\t\t<td>Leidsestraatweg 130</td>\r\n\t\t</tr>\r\n\t\t<tr>\r\n\t\t\t<th>Postcode:</th>\r\n\t\t\t<td>3443 BZ</td>\r\n\t\t</tr>\r\n\t\t<tr>\r\n\t\t\t<th>Plaats:</th>\r\n\t\t\t<td>Woerden</td>\r\n\t\t</tr>\r\n\t\t<tr>\r\n\t\t\t<th>Postadres:</th>\r\n\t\t\t<td>Postbus 277</td>\r\n\t\t</tr>\r\n\t\t<tr>\r\n\t\t\t<th>Postcode:</th>\r\n\t\t\t<td>3440 AG</td>\r\n\t\t</tr>\r\n\t\t<tr>\r\n\t\t\t<th>Plaats:</th>\r\n\t\t\t<td>Woerden</td>\r\n\t\t</tr>\r\n\t</tbody>\r\n</table>\r\n</div>\r\n</div>\r\n\r\n<div class=\"row\">\r\n<div class=\"col-md-12\">\r\n<p>Onze kerk is een samenwerkingsgemeente bestaande uit de Christelijke Gereformeerde Kerk en de Gereformeerde Kerk vrijgemaakt. Deze kerken hebben geen statuten. Hun statuut (in de zin van artikel 2:2 lid 2 BW) is hun kerkorde. De kerkorde van zowel de Christelijke Gereformeerde Kerken in Nederland als de Gereformeerde Kerken vrijgemaakt bevat o.m. bepalingen omtrent het bestuur, de financi&euml;n, toezicht en (tucht)rechtspraak die gelden voor de kerkleden, de gemeenten en andere onderdelen van deze kerk. Deze kerkorde is onder meer te vinden op de website: <a href=\"http://www.cgk.nl/index.php?kerkorde\" target=\"_blank\">http://www.cgk.nl/index.php?kerkorde</a>.</p>\r\n\r\n<p>Beide kerkgenootschappen hebben van de Belastingdienst een groepsbeschikking ANBI gekregen. Dat wil zeggen dat de afzonderlijke gemeenten en andere instellingen die tot de kerkgenootschappen behoren zijn aangewezen als ANBI. Dit is ook van toepassing op de Rehobothkerk te Woerden. De Rehobothkerk (CGKV Woerden) is een zelfstandig onderdeel als bedoeld in artikel 2 boek 2 Burgerlijk wetboek en bezit rechtspersoonlijkheid.</p>\r\n</div>\r\n</div>\r\n\r\n<div class=\"row\">\r\n<div class=\"col-md-12\">\r\n<h3>B. Samenstelling bestuur</h3>\r\n</div>\r\n</div>\r\n\r\n<div class=\"row\">\r\n<div class=\"col-md-12\">\r\n<p>Het bestuur van onze kerk ligt bij de kerkenraad en wordt gevormd door de ambtsdragers van deze gemeente. De kerkenraad bestaat naast de predikant uit 13 leden (ouderlingen en diakenen), die worden gekozen door en uit de leden van de kerkelijke gemeente.</p>\r\n\r\n<p>De commissie van beheer, de penningmeester en de administrateur zijn verantwoordelijk voor het beheer van de financi&euml;le middelen en de gebouwen van de gemeente, met uitzondering van diaconale aangelegenheden.</p>\r\n\r\n<p>De kerkenraad is eindverantwoordelijk, wat tot uitdrukking komt in de goedkeuring van onder andere de begroting en de jaarrekening door de kerkenraad.</p>\r\n</div>\r\n</div>\r\n\r\n<div class=\"row\">\r\n<div class=\"col-md-12\">\r\n<h3>C. Doelstelling/visie</h3>\r\n</div>\r\n</div>\r\n\r\n<div class=\"row\">\r\n<div class=\"col-md-12\">\r\n<p>De Rehobothkerk erkent de Belijdenis des Geloofs van de gereformeerde kerken in Nederland, de Heidelbergse Catechismus en de Leerregels van de synode van Dordrecht, gehouden in 1618 en &#39;19 als de volledige uitdrukking van hun geloof. Dit vormt de basis van haar kerkstructuur, haar organisatie, haar kerkrecht, haar kerkelijk leven en haar financi&euml;n.</p>\r\n\r\n<ol>\r\n\t<li>De Christelijke Gereformeerde Kerken in Nederland zijn overeenkomstig haar belijden gestalte van de ene heilige apostolische en katholieke of algemene christelijke Kerk die zich, delend in de aan Isra&euml;l geschonken verwachting, uitstrekt naar de komst van het Koninkrijk van God.</li>\r\n\t<li>Levend uit Gods genade in Jezus Christus vervult de kerk de opdracht van haar Heer om het Woord te horen en te verkondigen.</li>\r\n\t<li>Betrokken in Gods toewending tot de wereld, belijdt de kerk in gehoorzaamheid aan de Heilige Schrift als enige bron en norm van de kerkelijke verkondiging en dienst, de drieenige God, Vader, Zoon en Heilige Geest.</li>\r\n</ol>\r\n</div>\r\n</div>\r\n\r\n<div class=\"row\">\r\n<div class=\"col-md-12\">\r\n<h3>D. Beleidsplan</h3>\r\n</div>\r\n</div>\r\n\r\n<div class=\"row\">\r\n<div class=\"col-md-12\">\r\n<p>Het beleidsplan van de Christelijke Gereformeerde Kerken kunt u vinden via: <a href=\"http://www.cgk.nl/index.php?beleidsplan\" target=\"_blank\">http://www.cgk.nl/index.php?beleidsplan</a> . Het beleidsplan van de Gereformeerde Kerken in Nederland (vrijgemaakt) kunt u vinden via: <a href=\"http://www.gkv.nl/anbi\" target=\"_blank\">http://www.gkv.nl/anbi</a>.</p>\r\n</div>\r\n</div>\r\n\r\n<div class=\"row\">\r\n<div class=\"col-md-12\">\r\n<h3>E. Beloningsbeleid</h3>\r\n</div>\r\n</div>\r\n\r\n<div class=\"row\">\r\n<div class=\"col-md-12\">\r\n<p>De beloning van de predikant van onze kerk wordt mede geregeld volgens advies van deputaten financi&euml;le zaken, ingevolge art. 4 bijlage 36 (art. 50 Kerkorde). Op de hierna genoemde website vindt u het advies inzake de minimum predikantstraktementen en overige emolumenten voor de predikanten. <a href=\"http://www.cgk.nl/index.php?predikantstraktementen\" target=\"_blank\">http://www.cgk.nl/index.php?predikantstraktementen</a>.</p>\r\n\r\n<p>Onze kerk heeft geen andere medewerkers in loondienst. Leden van kerkenraden en commissies ontvangen geen vergoeding voor hun werkzaamheden. Alleen werkelijk gemaakte onkosten kunnen worden vergoed.</p>\r\n</div>\r\n</div>\r\n\r\n<div class=\"row\">\r\n<div class=\"col-md-12\">\r\n<h3>F. Verslag activiteiten</h3>\r\n</div>\r\n</div>\r\n\r\n<div class=\"row\">\r\n<div class=\"col-md-12\">\r\n<p>De kerkenraad heeft de algemene eindverantwoordelijkheid voor het in stand houden van een levende gemeente. Dat doet zij door zoveel mogelijk gemeenteleden in te schakelen bij het plaatselijk werk. Enkele taken zijn conform de kerkorde gedelegeerd aan de diaconie. Diverse activiteiten vinden plaats onder verantwoordelijkheid van commissies en werkgroepen, zoals onder meer de commissie van beheer en de missionaire commissie. De gemeente organiseert verschillende activiteiten zoals:</p>\r\n\r\n<ul>\r\n\t<li>Twee kerkdiensten per zondag;</li>\r\n\t<li>Tijdens morgendienst op zondag is er cr&egrave;che voor de jongste kinderen</li>\r\n\t<li>Kinderkring voor verschillende groepen basisschoolkinderen;</li>\r\n\t<li>Voor de 12+ jeugd worden er clubavonden en catechisatie gehouden;</li>\r\n\t<li>Er zijn verschillende (twee-) wekelijkse bijbelkringen, waaronder de Salvation-kringen;</li>\r\n\t<li>Periodiek worden er wijkavonden en andere wijkactiviteiten georganiseerd;</li>\r\n\t<li>Jaarlijks een gemeentedag op een zaterdag in september;</li>\r\n\t<li>Deelname aan plaatselijk beraad voor kerken;</li>\r\n\t<li>We ondersteunen lokale initiatieven, onder andere van de gezamenlijke kerken in Woerden.</li>\r\n</ul>\r\n</div>\r\n</div>\r\n\r\n<div class=\"row\">\r\n<div class=\"col-md-12\">\r\n<h3>G. Voorgenomen bestedingen</h3>\r\n</div>\r\n</div>\r\n\r\n<div class=\"row\">\r\n<div class=\"col-md-12\">\r\n<p>De verwachte bestedingen (begroting) sluiten als regel nauw aan bij de rekeningen over de voorgaande jaren. Het plaatselijk kerkenwerk vertoont een grote mate van continu&iuml;teit: de predikant en verschillende gemeenteleden verrichten hun werkzaamheden, kerkdiensten worden gehouden en ook andere kerkelijke activiteiten vinden plaats. In de kolom begroting in het overzicht onder H. is dit cijfermatig in beeld gebracht.</p>\r\n</div>\r\n</div>\r\n\r\n<div class=\"row\">\r\n<div class=\"col-md-12\">\r\n<h3>H. Verkorte staat van baten en lasten met toelichting</h3>\r\n</div>\r\n</div>\r\n\r\n<div class=\"row\">\r\n<div class=\"col-md-12\">\r\n<p>Onderstaande staat van baten en lasten geeft via de kolom begroting inzicht in de begrote ontvangsten en de voorgenomen bestedingen in 2016.<br />\r\nDe voorgenomen bestedingen voor het komende jaar zullen niet sterk afwijken van de voorgenomen bestedingen van het verslagjaar.</p>\r\n\r\n<h4>Exploitatierekening CGKV Woerden</h4>\r\n\r\n<table>\r\n\t<tbody>\r\n\t\t<tr>\r\n\t\t\t<td><strong>LASTEN</strong></td>\r\n\t\t\t<td><u>begr. 2016</u></td>\r\n\t\t\t<td><u>begr. 2015</u></td>\r\n\t\t\t<td><u>werk. 2015</u></td>\r\n\t\t</tr>\r\n\t\t<tr>\r\n\t\t\t<td>Pastoraat</td>\r\n\t\t\t<td>68.400</td>\r\n\t\t\t<td>67.100</td>\r\n\t\t\t<td>66.177</td>\r\n\t\t</tr>\r\n\t\t<tr>\r\n\t\t\t<td>Pastorie</td>\r\n\t\t\t<td>10.400</td>\r\n\t\t\t<td>16.300</td>\r\n\t\t\t<td>10.616</td>\r\n\t\t</tr>\r\n\t\t<tr>\r\n\t\t\t<td>Kerkgebouw</td>\r\n\t\t\t<td>19.200</td>\r\n\t\t\t<td>21.800</td>\r\n\t\t\t<td>19.702</td>\r\n\t\t</tr>\r\n\t\t<tr>\r\n\t\t\t<td>Erediensten</td>\r\n\t\t\t<td>3.800</td>\r\n\t\t\t<td>4.000</td>\r\n\t\t\t<td>3.001</td>\r\n\t\t</tr>\r\n\t\t<tr>\r\n\t\t\t<td>Bestuur</td>\r\n\t\t\t<td>2.000</td>\r\n\t\t\t<td>3.000</td>\r\n\t\t\t<td>1.583</td>\r\n\t\t</tr>\r\n\t\t<tr>\r\n\t\t\t<td>Gemeenteleven</td>\r\n\t\t\t<td>5.500</td>\r\n\t\t\t<td>4.500</td>\r\n\t\t\t<td>4.649</td>\r\n\t\t</tr>\r\n\t\t<tr>\r\n\t\t\t<td>Kerkverband</td>\r\n\t\t\t<td class=\"border-bottom\">28.029</td>\r\n\t\t\t<td class=\"border-bottom\">27.082</td>\r\n\t\t\t<td class=\"border-bottom\">27.067</td>\r\n\t\t</tr>\r\n\t\t<tr>\r\n\t\t\t<td>&nbsp;</td>\r\n\t\t\t<td class=\"border-bottom-double\">137.329</td>\r\n\t\t\t<td class=\"border-bottom-double\">143.782</td>\r\n\t\t\t<td class=\"border-bottom-double\">132.795</td>\r\n\t\t</tr>\r\n\t\t<tr>\r\n\t\t\t<td><strong>BATEN</strong></td>\r\n\t\t\t<td>&nbsp;</td>\r\n\t\t\t<td>&nbsp;</td>\r\n\t\t\t<td>&nbsp;</td>\r\n\t\t</tr>\r\n\t\t<tr>\r\n\t\t\t<td>Vaste vrijwillige bijdragen</td>\r\n\t\t\t<td>126.915</td>\r\n\t\t\t<td>125.000</td>\r\n\t\t\t<td>126.012</td>\r\n\t\t</tr>\r\n\t\t<tr>\r\n\t\t\t<td>Collecten</td>\r\n\t\t\t<td>12.000</td>\r\n\t\t\t<td>11.000</td>\r\n\t\t\t<td>11.700</td>\r\n\t\t</tr>\r\n\t\t<tr>\r\n\t\t\t<td>Ontvangen giften</td>\r\n\t\t\t<td>500</td>\r\n\t\t\t<td>2.600</td>\r\n\t\t\t<td>1.420</td>\r\n\t\t</tr>\r\n\t\t<tr>\r\n\t\t\t<td>Ontvangen rente</td>\r\n\t\t\t<td>350</td>\r\n\t\t\t<td>170</td>\r\n\t\t\t<td>179</td>\r\n\t\t</tr>\r\n\t\t<tr>\r\n\t\t\t<td>Opbrengst huur</td>\r\n\t\t\t<td>200</td>\r\n\t\t\t<td>500</td>\r\n\t\t\t<td>170</td>\r\n\t\t</tr>\r\n\t\t<tr>\r\n\t\t\t<td>Acties tekort wegwerken</td>\r\n\t\t\t<td class=\"border-bottom\">0</td>\r\n\t\t\t<td class=\"border-bottom\">4.512</td>\r\n\t\t\t<td class=\"border-bottom\">0</td>\r\n\t\t</tr>\r\n\t\t<tr>\r\n\t\t\t<td>&nbsp;</td>\r\n\t\t\t<td class=\"border-bottom-double\">139.965</td>\r\n\t\t\t<td class=\"border-bottom-double\">143.782</td>\r\n\t\t\t<td class=\"border-bottom-double\">139.481</td>\r\n\t\t</tr>\r\n\t\t<tr>\r\n\t\t\t<td>&nbsp;</td>\r\n\t\t\t<td>&nbsp;</td>\r\n\t\t\t<td>&nbsp;</td>\r\n\t\t\t<td>&nbsp;</td>\r\n\t\t</tr>\r\n\t\t<tr>\r\n\t\t\t<td>Saldo</td>\r\n\t\t\t<td class=\"border-bottom\">2.636</td>\r\n\t\t\t<td class=\"border-bottom\">0</td>\r\n\t\t\t<td class=\"border-bottom\">6.686</td>\r\n\t\t</tr>\r\n\t</tbody>\r\n</table>\r\n</div>\r\n</div>\r\n\r\n<div class=\"row\">\r\n<div class=\"col-md-12\">\r\n<p><strong>Toelichting</strong><br />\r\nKerkgenootschappen en hun onderdelen zorgen in Nederland zelf voor de benodigde inkomsten voor hun activiteiten. Aan de kerkleden wordt elk jaar via vrijwillige bedragen gevraagd om hun bijdrage voor het werk van de kerkelijke gemeente waartoe zij behoren. Onze kerk heeft een pastorie en een kerkgebouw in eigen bezit. Het kerkgebouw wordt op bescheiden schaal verhuurd voor externe activiteiten. Verder is er sprake van beperkte rente-inkomsten door het spaargeld dat de kerk bezit. De opbrengsten van dit spaargeld worden aangewend voor het werk van de gemeente.</p>\r\n\r\n<p>Een groot deel van de ontvangen inkomsten wordt besteed aan pastoraat, in de vorm van het salaris voor de predikant en aan de organisatie van kerkelijke activiteiten. Daarnaast worden de ontvangen inkomsten ook besteed aan het in stand houden van de kerkelijke bezittingen, benodigd voor het houden van de kerkdiensten (zoals onderhoud, energie, belastingen en verzekeringen) en aan de kosten van de eigen organisatie en bijdragen voor het in stand houden van het landelijk werk. Onder lasten van beheer zijn opgenomen de kosten voor administratie en beheer van de kerkelijke bezittingen</p>\r\n</div>\r\n</div>\r\n", "protected": false, "template_name": ""}}, {"model": "fiber.contentitem", "pk": 30, "fields": {"content_markup": "", "metadata": null, "used_on_pages_data": "[{\"title\": \"Orgel\", \"url\": \"/orgel/\"}]", "updated": "2017-09-21T21:25:45", "created": "2017-09-21T15:11:16", "name": "Titel: Orgel in de Rehobothkerk Woerden", "content_html": "<h1>Orgel in de Rehoboth&shy;kerk Woerden</h1>", "protected": false, "template_name": ""}}, {"model": "fiber.contentitem", "pk": 33, "fields": {"content_markup": "", "metadata": null, "used_on_pages_data": "[{\"title\": \"Orgel\", \"url\": \"/orgel/\"}]", "updated": "2017-09-21T21:47:05", "created": "2017-09-21T21:47:04", "name": "", "content_html": "<h1>Orgel in de Rehoboth&shy;kerk Woerden</h1>", "protected": false, "template_name": ""}}, {"model": "fiber.contentitem", "pk": 34, "fields": {"content_markup": "", "metadata": null, "used_on_pages_data": "[{\"title\": \"Orgel\", \"url\": \"/orgel/\"}]", "updated": "2017-09-21T21:47:22", "created": "2017-09-21T21:47:21", "name": "", "content_html": "<div class=\"row\">\r\n<div class=\"col-md-12\">\r\n<p><strong>De Rehobothkerk in Woerden is een eenvoudige zaalkerk uit 1986, gebouwd naar ontwerp van architect Frank van Buren. </strong></p>\r\n\r\n<p>In deze kerk bevindt zich een oud instrument van onbekende herkomst. Over de oorspronkelijke maker en de ouderdom van het in de Rehobothkerk aanwezige orgel doen verschillende verhalen de ronde. Aan de ene kant wordt Jacobus van den Eynde als bouwer genoemd; aan de andere kant wordt het instrument toegeschreven aan Hendrik Pecheur en gedateerd op circa 1715.</p>\r\n</div>\r\n</div>\r\n\r\n<div class=\"row\">\r\n<div class=\"col-md-12\">\r\n<h3>Geschiedenis orgel</h3>\r\n</div>\r\n</div>\r\n\r\n<div class=\"row\">\r\n<div class=\"col-md-12\">\r\n<p>Aan het einde van de 19e eeuw werd het orgel geplaatst in de Gereformeerde kerk van Axel. De firma A.S.J. Dekker (Goes) verzorgde in 1918 de overplaatsing van het instrument naar de Hervormde kerk van Baarle. Nadat men daar besloot de oude kerk te vervangen door een nieuwe is het orgel door medewerkers van de firma J.C. Sanders (Utrecht) gedemonteerd en opgeslagen.</p>\r\n</div>\r\n</div>\r\n\r\n<div class=\"row\">\r\n<div class=\"col-md-12\">\r\n<h3>Bekronende beelden zijtorens verdwenen in 1962</h3>\r\n</div>\r\n</div>\r\n\r\n<div class=\"row\">\r\n<div class=\"col-md-12\">\r\n<p>In 1962 is het orgel door de firma K.B. Blank, die de firma Sanders voortzette, in gewijzigde vorm in de Christelijke Gereformeerde Eben-Haezerkerk in Utrecht geplaatst. De beide grote torens aan weerszijde van de oorspronkelijke kas dateren uit deze periode. Volgens de overlevering zijn bij die gelegenheid ook de bekronende beelden van de zijtorens verdwenen; ze zouden kort daarna een nieuwe bestemming hebben gekregen op het rugpositief van het orgel in het Utrechtse Academiegebouw.</p>\r\n</div>\r\n</div>\r\n\r\n<div class=\"row\">\r\n<div class=\"col-md-12\">\r\n<h3>Sinds 1979 in Rehobothkerk Woerden</h3>\r\n</div>\r\n</div>\r\n\r\n<div class=\"row\">\r\n<div class=\"col-md-12\">\r\n<p>In 1979 is het orgel door de firma Hendriksen &amp; Reitsma overgeplaatst naar de Christelijke Gereformeerde Rehobothkerk te Woerden. Dezelfde firma verzorgde in 1986 de herplaatsing van het instrument in de huidige kerk. Bij die gelegenheid zijn de in 1962 toegevoegde torens opnieuw geschilderd in de kleur van de oude kas en de van origine roodkoperen frontpijpen met tinfolie belegd. Overigens zijn ook de frontpijpen van de oude kas niet origineel.</p>\r\n</div>\r\n</div>\r\n\r\n<div class=\"row\">\r\n<div class=\"col-md-12\">\r\n<h3>Oorspronkelijk uit zuid Nederland of Vlaanderen</h3>\r\n</div>\r\n</div>\r\n\r\n<div class=\"row\">\r\n<div class=\"col-md-12\">\r\n<p>Zowel de vormgeving als de oorspronkelijke orgelkas, als de decoratie daarvan wijst op een oorspronkelijke herkomst uit zuid Nederland of Vlaanderen. De combinatie van smalle ongedeelde tussenvelden en inzwenkende bovenlijst komt niet vaak voor. Het meest aannemelijk is een situering in het grensgebied tussen de toenmalige Generaliteitslanden en Zuidelijke Nederlanden, vandaar de mogelijke toeschrijving aan de Antwerpse orgelmaker Pecheur. Ook de decoratie wijst in deze richting. Dit geldt vooral voor de cherubijnkoppen in de vleugelstukken, die verder naar het Noorden voornamelijk te vinden zijn bij de instrumenten van Conrad Ruprecht en Matthias Verhofstadt.</p>\r\n</div>\r\n</div>\r\n\r\n<div class=\"row\">\r\n<div class=\"col-md-12\">\r\n<h3>Gezichten in het blinderingswerk</h3>\r\n</div>\r\n</div>\r\n\r\n<div class=\"row\">\r\n<div class=\"col-md-12\">\r\n<p>In het snijwerk onder de middentoren zijn twee gevleugelde engelenkopjes te zien. Onder de linkertoren is zeer waarschijnlijk het hoofd van Koning David afgebeeld; vermoedelijk is de vrouwenfiguur onder de rechtertoren Cecilia. In het blinderingswerk zijn gezichten te onderscheiden met ogen, wenkbrauwen en brede neusvleugels, een idee verwant aan de bladkoppen uit de 16e en vroege 17e eeuw. Bijzonder zijn nog de vrij hangende, gebogen slingers tussen de torens.</p>\r\n</div>\r\n</div>\r\n", "protected": false, "template_name": ""}}, {"model": "fiber.contentitem", "pk": 35, "fields": {"content_markup": "", "metadata": null, "used_on_pages_data": "[{\"title\": \"Overzicht diensten\", \"url\": \"/diensten/\"}]", "updated": "2017-09-21T21:53:40", "created": "2017-09-21T21:50:01", "name": "Title: Diensten overzicht", "content_html": "<h1>Diensten <small>Overzicht</small></h1>\r\n", "protected": false, "template_name": ""}}, {"model": "fiber.page", "pk": 1, "fields": {"parent": null, "is_public": true, "show_in_menu": true, "level": 0, "updated": "2017-09-20T19:56:03", "meta_keywords": "", "mark_current_regexes": "", "meta_description": "", "metadata": null, "title": "Hoofd menu", "rght": 14, "redirect_page": null, "tree_id": 1, "lft": 1, "created": "2017-09-20T18:57:05", "doc_title": "", "url": "", "protected": false, "template_name": ""}}, {"model": "fiber.page", "pk": 2, "fields": {"parent": 1, "is_public": true, "show_in_menu": true, "level": 1, "updated": "2017-09-21T21:22:51", "meta_keywords": "", "mark_current_regexes": "", "meta_description": "", "metadata": "{\"hide_title\": \"nee (standaard)\"}", "title": "Kerktijden", "rght": 7, "redirect_page": null, "tree_id": 1, "lft": 6, "created": "2017-09-20T18:59:29", "doc_title": "", "url": "\"kerktijden\"", "protected": false, "template_name": ""}}, {"model": "fiber.page", "pk": 4, "fields": {"parent": 1, "is_public": true, "show_in_menu": true, "level": 1, "updated": "2017-09-21T21:22:39", "meta_keywords": "", "mark_current_regexes": "", "meta_description": "", "metadata": "{\"hide_title\": \"nee (standaard)\"}", "title": "Kindercreche", "rght": 9, "redirect_page": null, "tree_id": 1, "lft": 8, "created": "2017-09-20T20:49:53", "doc_title": "", "url": "\"kindercreche\"", "protected": false, "template_name": ""}}, {"model": "fiber.page", "pk": 5, "fields": {"parent": 1, "is_public": true, "show_in_menu": true, "level": 1, "updated": "2017-09-21T21:47:52", "meta_keywords": "", "mark_current_regexes": "", "meta_description": "", "metadata": "{\"hide_title\": \"nee (standaard)\"}", "title": "ANBI gegevens", "rght": 13, "redirect_page": null, "tree_id": 1, "lft": 12, "created": "2017-09-20T20:50:11", "doc_title": "", "url": "\"anbi\"", "protected": false, "template_name": ""}}, {"model": "fiber.page", "pk": 7, "fields": {"parent": 1, "is_public": true, "show_in_menu": true, "level": 1, "updated": "2017-09-21T21:53:25", "meta_keywords": "", "mark_current_regexes": "", "meta_description": "", "metadata": "{\"hide_title\": \"nee (standaard)\"}", "title": "Overzicht diensten", "rght": 5, "redirect_page": null, "tree_id": 1, "lft": 4, "created": "2017-09-20T21:22:58", "doc_title": "", "url": "\"diensten\"", "protected": false, "template_name": ""}}, {"model": "fiber.page", "pk": 8, "fields": {"parent": null, "is_public": false, "show_in_menu": true, "level": 0, "updated": "2017-09-20T22:09:09", "meta_keywords": "", "mark_current_regexes": "", "meta_description": "", "metadata": null, "title": "Leden gedeelte", "rght": 4, "redirect_page": null, "tree_id": 2, "lft": 1, "created": "2017-09-20T21:58:01", "doc_title": "", "url": "", "protected": false, "template_name": ""}}, {"model": "fiber.page", "pk": 9, "fields": {"parent": 8, "is_public": false, "show_in_menu": true, "level": 1, "updated": "2017-09-21T21:24:48", "meta_keywords": "", "mark_current_regexes": "", "meta_description": "", "metadata": "{\"hide_title\": \"ja\"}", "title": "Dashboard", "rght": 3, "redirect_page": null, "tree_id": 2, "lft": 2, "created": "2017-09-20T21:59:01", "doc_title": "", "url": "\"dashboard\"", "protected": true, "template_name": ""}}, {"model": "fiber.page", "pk": 11, "fields": {"parent": 1, "is_public": true, "show_in_menu": true, "level": 1, "updated": "2017-09-21T21:52:40", "meta_keywords": "", "mark_current_regexes": "", "meta_description": "", "metadata": "{\"hide_title\": \"ja\"}", "title": "Homepagina", "rght": 3, "redirect_page": null, "tree_id": 1, "lft": 2, "created": "2017-09-20T22:38:50", "doc_title": "", "url": "\"index\"", "protected": false, "template_name": ""}}, {"model": "fiber.page", "pk": 14, "fields": {"parent": 1, "is_public": true, "show_in_menu": true, "level": 1, "updated": "2017-09-21T21:22:14", "meta_keywords": "", "mark_current_regexes": "", "meta_description": "", "metadata": "{\"hide_title\": \"nee (standaard)\"}", "title": "Orgel", "rght": 11, "redirect_page": null, "tree_id": 1, "lft": 10, "created": "2017-09-21T21:22:14", "doc_title": "", "url": "\"orgel\"", "protected": false, "template_name": ""}}, {"model": "fiber.pagecontentitem", "pk": 8, "fields": {"content_item": 8, "sort": 0, "page": 2, "block_name": "content"}}, {"model": "fiber.pagecontentitem", "pk": 9, "fields": {"content_item": 7, "sort": 0, "page": 2, "block_name": "title"}}, {"model": "fiber.pagecontentitem", "pk": 11, "fields": {"content_item": 11, "sort": 0, "page": 4, "block_name": "title"}}, {"model": "fiber.pagecontentitem", "pk": 12, "fields": {"content_item": 12, "sort": 0, "page": 4, "block_name": "content"}}, {"model": "fiber.pagecontentitem", "pk": 13, "fields": {"content_item": 13, "sort": 0, "page": 9, "block_name": "nieuwsberichten"}}, {"model": "fiber.pagecontentitem", "pk": 15, "fields": {"content_item": 14, "sort": null, "page": 11, "block_name": "intro_title"}}, {"model": "fiber.pagecontentitem", "pk": 16, "fields": {"content_item": 15, "sort": 0, "page": 11, "block_name": "intro_content"}}, {"model": "fiber.pagecontentitem", "pk": 17, "fields": {"content_item": 16, "sort": 0, "page": 11, "block_name": "activiteiten_title"}}, {"model": "fiber.pagecontentitem", "pk": 18, "fields": {"content_item": 17, "sort": 0, "page": 11, "block_name": "diensten_title"}}, {"model": "fiber.pagecontentitem", "pk": 19, "fields": {"content_item": 18, "sort": 0, "page": 11, "block_name": "diensten_content"}}, {"model": "fiber.pagecontentitem", "pk": 20, "fields": {"content_item": 19, "sort": 0, "page": 11, "block_name": "contact_title"}}, {"model": "fiber.pagecontentitem", "pk": 21, "fields": {"content_item": 20, "sort": 0, "page": 11, "block_name": "contact_content"}}, {"model": "fiber.pagecontentitem", "pk": 23, "fields": {"content_item": 22, "sort": 0, "page": 11, "block_name": "adressen_title"}}, {"model": "fiber.pagecontentitem", "pk": 24, "fields": {"content_item": 23, "sort": 0, "page": 11, "block_name": "jaarthema_title"}}, {"model": "fiber.pagecontentitem", "pk": 25, "fields": {"content_item": 24, "sort": 2016, "page": 11, "block_name": "jaarthema_content"}}, {"model": "fiber.pagecontentitem", "pk": 26, "fields": {"content_item": 25, "sort": 2017, "page": 11, "block_name": "jaarthema_content"}}, {"model": "fiber.pagecontentitem", "pk": 27, "fields": {"content_item": 26, "sort": 0, "page": 5, "block_name": "title"}}, {"model": "fiber.pagecontentitem", "pk": 28, "fields": {"content_item": 27, "sort": 0, "page": 5, "block_name": "content"}}, {"model": "fiber.pagecontentitem", "pk": 34, "fields": {"content_item": 33, "sort": 0, "page": 14, "block_name": "title"}}, {"model": "fiber.pagecontentitem", "pk": 35, "fields": {"content_item": 34, "sort": 0, "page": 14, "block_name": "content"}}, {"model": "fiber.pagecontentitem", "pk": 36, "fields": {"content_item": 35, "sort": 0, "page": 7, "block_name": "title"}}, {"model": "fiber.image", "pk": 1, "fields": {"title": "image", "width": 470, "height": 314, "created": "2017-09-20T21:31:46", "updated": "2017-09-21T12:42:40", "image": "fiber/uploads/images/burningeyes.jpg"}}, {"model": "fiber.image", "pk": 2, "fields": {"title": "image", "width": 427, "height": 640, "created": "2017-09-20T23:00:55", "updated": "2017-09-20T23:00:55", "image": "fiber/uploads/images/andre_jansen.jpg"}}, {"model": "fiber.image", "pk": 3, "fields": {"title": "Jaarthema 2016", "width": 4928, "height": 1716, "created": "2017-09-21T14:11:13", "updated": "2017-09-21T14:11:13", "image": "fiber/uploads/images/jaarthema-bg.jpg"}}, {"model": "fiber.image", "pk": 4, "fields": {"title": "Jaarthema 2017", "width": 1920, "height": 1213, "created": "2017-09-21T14:12:05", "updated": "2017-09-21T14:17:43", "image": "fiber/uploads/images/header.jpg"}}]